은행명,로고파일명
국민은행,kb.png
신한은행,shinhan.png
우리은행,woori.png
하나은행,keb.png
농협은행,nh.png
SC제일은행,sc.png
씨티은행,citi.png
주식회사 카카오뱅크,kakaobank.png
주식회사 케이뱅크,kbank.png
토스뱅크 주식회사,toss.png
아이엠뱅크,imbank.png
부산은행,bnk.png
경남은행,bnk-kyongnam.png
광주은행,mg.png
전북은행,knj.png
제주은행,suhyup.png
BNK저축은행,bnk.png
CK저축은행,ck.png
DH저축은행,dh.png
HB저축은행,hb.png
IBK저축은행,ibk.png
JT저축은행,jt.png
JT친애저축은행,jtbank.png
KB저축은행,kb-savings.png
MS저축은행,ms.png
OK저축은행,ok.png
OSB저축은행,osb.png
SBI저축은행,sbi.png
고려저축은행,kukje.png
국제저축은행,kukje.png
금화저축은행,pureun.png
남양저축은행,namyang.png
다올저축은행,daol.png
대명상호저축은행,daemyung.png
대백저축은행,debec.png
대신저축은행,daeshin.png
대아상호저축은행,daea.png
대원저축은행,kdb.png
대한저축은행,daehan.png
더블저축은행,double.png
더케이저축은행,thek.png
동양저축은행,dongyang.png
동원제일저축은행,dongwon.png
드림저축은행,dream.png
DB저축은행,db.png
라온저축은행,raon.png
머스트삼일저축은행,mustsamil.png
모아저축은행,moa.png
민국저축은행,minkuk.png
바로저축은행,baro.png
부림저축은행,bulim.png
삼정저축은행,samjung.png
삼호저축은행,samho.png
상상인저축은행,sangsangin.png
상상인플러스저축은행,sangsanginplus.png
세람저축은행,seram.png
센트럴저축은행,central.png
솔브레인저축은행,soulbrain.png
스마트저축은행,smartbank.png
스카이저축은행,sky.png
스타저축은행,star.png
신한저축은행,shinhan.png
아산저축은행,asan.png
안국저축은행,ankuk.png
안양저축은행,anyang.png
애큐온저축은행,acuon.png
에스앤티저축은행,snt.png
엔에이치저축은행,nh.png
영진저축은행,youngjin.png
예가람저축은행,yegaram.png
오성저축은행,osung.png
오투저축은행,o2.png
우리금융저축은행,woori.png
우리저축은행,woori.png
웰컴저축은행,welcome.png
유니온저축은행,union.png
유안타저축은행,uanta.png
융창저축은행,yungchang.png
인성저축은행,insung.png
인천저축은행,incheon.png
조은저축은행,choeun.png
조흥저축은행,choheung.png
진주저축은행,jinju.png
참저축은행,charm.png
청주저축은행,cheongju.png
키움예스저축은행,kiwoomyes.png
키움저축은행,kiwoombank.png
페퍼저축은행,pepper.png
평택저축은행,pyeongtaek.png
푸른저축은행,pureun.png
하나저축은행,hana.png
한국투자저축은행,korea-investment.png
한성저축은행,hansung.png
한화저축은행,hanhwa.png
흥국저축은행,heungkuk.png
지역농협,nh.png
기업은행,ibk.png
농협은행주식회사,nh.png
iM뱅크,imbank.png
신한카드,shinhan.png
케이뱅크,kbank.png
수협은행,suhyup.png
하나저축은행,keb.png
NH저축은행,nh.png
키움yes저축은행,kiwoomyes.png
중소기업은행,ibk.png
한국산업은행,korea-investment.png
디비저축은행,db.png